region,country,factors,first,last,months,obs
DM,aus,153,1986-01,2025-12,480,62115
DM,aut,153,1986-09,2025-12,468,55750
DM,bel,153,1986-01,2025-12,480,59526
DM,can,153,1982-03,2025-12,526,77866
DM,che,153,1986-01,2025-12,480,61225
DM,deu,153,1986-01,2025-12,480,62658
DM,dnk,153,1986-01,2025-12,480,60340
DM,esp,153,1986-01,2025-12,480,60355
DM,fin,153,1987-01,2025-12,468,58253
DM,fra,153,1986-01,2025-12,480,62761
DM,gbr,153,1986-01,2025-12,480,68945
DM,grc,150,2001-06,2013-11,149,19538
DM,hkg,153,1986-01,2025-12,480,61797
DM,irl,148,1989-02,2025-12,440,45405
DM,isr,152,2010-06,2025-12,187,27429
DM,ita,153,1986-01,2025-12,480,60808
DM,jpn,153,1986-01,2025-12,480,66498
DM,nld,153,1986-01,2025-12,480,61889
DM,nor,153,1986-01,2025-12,480,59032
DM,nzl,150,1986-03,2025-12,478,52179
DM,prt,150,1997-12,2025-12,337,44004
DM,sgp,153,1986-01,2025-12,480,60133
DM,swe,153,1986-01,2025-12,480,61235
DM,usa,153,1926-01,2025-12,1200,146430
EM,are,144,2014-06,2025-12,139,19198
EM,arg,144,1988-09,2021-11,247,16723
EM,bra,153,1994-09,2025-12,373,41874
EM,chl,152,1989-01,2025-12,444,52377
EM,chn,153,1993-11,2025-12,375,50042
EM,col,145,1993-02,2025-12,326,29043
EM,cze,35,1995-09,2000-02,42,849
EM,egy,144,1997-04,2025-12,299,29784
EM,grc,148,1989-10,2025-12,279,25227
EM,hun,20,2000-09,2001-01,5,41
EM,idn,153,1990-03,2025-12,430,53298
EM,ind,153,1988-09,2025-12,448,48686
EM,isr,149,1995-02,2010-05,184,20444
EM,jor,93,2008-03,2008-11,9,647
EM,kor,153,1988-07,2025-12,450,53855
EM,kwt,138,2020-12,2025-12,61,8409
EM,mar,138,1997-02,2013-11,196,13306
EM,mex,150,1987-09,2025-12,443,54509
EM,mys,153,1987-03,2025-12,466,59338
EM,pak,140,1994-01,2021-11,122,10517
EM,per,142,2005-05,2025-12,235,29905
EM,phl,153,1993-07,2025-12,380,44601
EM,pol,152,1994-03,2025-12,357,41792
EM,prt,67,1989-09,1997-11,88,1881
EM,qat,143,2014-06,2025-12,139,18648
EM,rus,148,1995-08,2022-03,318,36365
EM,sau,152,2019-06,2025-12,79,11577
EM,tha,152,1988-07,2025-12,450,54436
EM,tur,153,1990-04,2025-12,425,49259
EM,twn,153,1988-02,2025-12,455,53457
EM,ven,21,1991-02,1998-01,29,139
EM,zaf,153,1986-01,2025-12,480,61246
OTHER,are,137,2003-03,2014-05,130,12270
OTHER,arg,138,2009-06,2025-12,169,20645
OTHER,bgd,138,2010-07,2024-05,76,8407
OTHER,bhr,56,2007-10,2009-08,19,538
OTHER,cyp,26,1999-12,2001-01,3,44
OTHER,hrv,134,2007-07,2025-12,61,4138
OTHER,irn,5,2002-05,2003-01,6,21
OTHER,isl,93,2006-09,2023-09,40,2217
OTHER,jam,84,2022-05,2023-01,3,234
OTHER,jor,102,2008-12,2023-11,27,2200
OTHER,ken,96,2009-02,2020-04,20,1391
OTHER,kwt,145,2001-04,2020-11,236,25973
OTHER,lka,97,2010-10,2022-02,7,520
OTHER,lux,15,1998-12,2009-04,16,37
OTHER,mar,139,2013-12,2025-12,145,18099
OTHER,nga,140,2006-09,2025-12,209,19860
OTHER,omn,97,2008-01,2025-12,94,6184
OTHER,pak,140,2009-01,2025-12,149,18347
OTHER,qat,138,2003-11,2014-05,123,10734
OTHER,rou,91,2007-07,2025-12,63,4200
OTHER,rus,147,2022-04,2022-07,4,573
OTHER,sau,144,2001-11,2019-05,211,26965
OTHER,svn,124,2007-10,2009-08,22,1535
OTHER,tto,71,2016-01,2023-12,35,1596
OTHER,ukr,67,2008-12,2012-01,30,823
OTHER,ven,29,2015-04,2018-08,38,392
OTHER,vnm,147,2008-02,2025-12,207,23061
OTHER,zwe,141,2002-11,2024-04,36,3488
