strategy,mean_ann_pct,vol_ann_pct,sharpe_gross,sharpe_net,turnover_monthly,months
shrink_mean:rule,3.2209968947966514,1.5641816666891752,2.059221740921164,1.9687274555870948,0.05782601457791714,312
static_ew,2.516824549199497,1.5858397667044357,1.5870610650846262,1.5615585637263258,0.017596669126641394,312
hist_mean:rule,2.2905100681563066,1.4134188149951588,1.6205459017921393,1.4970665354418882,0.07060765128654506,312
gbrt:own,3.4823271164647536,1.6627360595177096,2.0943354758751256,1.427606488589634,0.4522232552011805,312
enet:own,3.125087474457685,1.8182713714426255,1.7187134569347724,1.1850751192994693,0.3987272660681569,312
gbrt:pooled,3.591049220047763,1.9898237882470062,1.804707151084671,1.1560447712762651,0.5324587725115558,312
ols:own,3.104881045216734,1.8354775675847923,1.6915930219197843,1.1425944037545839,0.41450539462756264,312
gbrt:dm_only,3.682142166730006,2.1273332457250995,1.7308722900510827,1.0540698650453217,0.5963237488471188,312
enet:pooled,3.2390331146884117,2.018468372622851,1.6046984726738749,0.9789959792101578,0.522037331812854,312
ols:pooled,3.2327611591497574,2.0309604804732744,1.5917400610357655,0.9555924908224281,0.5342341816422572,312
fmom:rule,2.252237999224085,1.8021581885202484,1.249744896741499,0.9187803958494469,0.2485416325961672,312
enet:dm_only,3.192368006460746,2.1180547744587055,1.5072169260951214,0.8306566534749608,0.5934881883718136,312
ols:dm_only,3.171972066608834,2.127284607395464,1.491089652781548,0.8081302470504598,0.6017032628132708,312
