spec,shrink_vs_hist,months,r2_enet_own,t_enet_own,r2_enet_dm_only,t_enet_dm_only,r2_gbrt_own,t_gbrt_own,r2_gbrt_dm_only,t_gbrt_dm_only,srnet_static_ew,srnet_shrink_mean:rule,srnet_enet:own,srnet_enet:dm_only,srnet_gbrt:own,srnet_gbrt:dm_only
Baseline,1.2025409891824435,312,-0.046079980506386065,1.5592032192016987,-0.17367313360614478,2.078864162695836,-0.21229846108135053,3.6620083360546825,-0.23274116635674247,3.792499323347472,1.47738070780835,1.9054094460080924,1.1121417484481988,0.7369128923762042,1.2647939675103477,1.125310703986442
OOS from 2005,0.9724615435286577,252,-0.00542852033078578,1.891378768088249,-0.13187838945087904,1.9894788402215897,0.010930736396863594,3.5141555156959345,-0.17033633034080342,3.11054143965597,1.344407771022053,1.7933922089599736,1.2490810517091622,0.7661773212496216,1.3445221028718888,0.992553297414232
$\kappa = 60$,0.9758741991077846,312,-0.004096635026851203,3.1261583359395244,-0.12860361350990335,3.0801972834842206,-0.19475598795313243,4.478795147634904,-0.17620875860848706,4.4601836550042275,1.47738070780835,1.731451189243257,1.0007774985174906,0.6992863534600278,1.152409948756988,1.0885335252694464
$\kappa = 240$,1.3563582644673056,312,-0.06872684149972219,0.7911560531364871,-0.19669633820509347,1.5158073627687763,-0.2654226472450283,2.883976884889508,-0.26087270899111115,3.4523123092749937,1.47738070780835,2.0521858705558773,1.1902712285283081,0.7731528375014278,1.3056153468778018,1.145988348153478
Equal-weighted factors,1.3700619847503481,312,0.11378093995468852,3.7885641025042913,0.10294422744735465,4.141341798605489,-0.020067055720063287,4.336229201143619,-0.04071110522905208,4.744371952064493,2.0144325214249394,3.904429831509696,2.762151166435063,2.3149067043023,3.076517725743278,2.5069408580184516
Uncapped value-weighted,1.1936478050188493,312,-0.05419524434897571,1.2791883658015721,-0.1293234643594099,1.3704950441264452,-0.29441647824921535,1.2135969787085352,-0.247187952482264,3.1359503607820254,1.4450820116792595,1.801935312391303,1.034982522517555,0.7411723881068616,1.0973811988197237,1.0576839759033625
Time-varying classification,1.229393271922219,312,-0.04749735125515464,1.8370704649073077,-0.18304534202469025,2.019305562388664,-0.23972172563677674,3.658219614577357,-0.3181549794232241,3.283955711415342,1.5615585637263258,1.9687274555870948,1.1850751192994693,0.8306566534749608,1.427606488589634,1.0540698650453217
Cost 10 bp,1.2025409891824435,312,-0.046079980506386065,1.5592032192016987,-0.17367313360614478,2.078864162695836,-0.21229846108135053,3.6620083360546825,-0.23274116635674247,3.792499323347472,1.4913613419902698,1.9516755305674907,1.3782631950205826,1.0802019576951565,1.60395433115131,1.4748928146388132
Cost 40 bp,1.2025409891824435,312,-0.046079980506386065,1.5592032192016987,-0.17367313360614478,2.078864162695836,-0.21229846108135053,3.6620083360546825,-0.23274116635674247,3.792499323347472,1.4493042829093146,1.812655853974717,0.5826123500616345,0.054492903954606035,0.5931323809870287,0.42701603826567447
