model,scope,r2_vs_hist_pct,cw_t_hist,r2_vs_shrink_pct,cw_t_shrink,obs,months
enet,pooled,1.5395689243377642,9.165354676868093,0.17186154934134557,4.354525102853803,801536,312
gbrt_rs,pooled,1.528683830829236,8.097555352178583,0.16082525171451367,4.431371811241346,801536,312
enet_rs,pooled,1.5239108252554256,8.78085431540397,0.1559859446340628,3.6709063762941434,801536,312
ols,pooled,1.522852250844109,9.163344246978035,0.15491266563519845,4.349434723258814,801536,312
ols_rs,pooled,1.5084403390170587,8.743866708491852,0.14030055888842874,3.595008230272143,801536,312
enet_rs,own,1.4958993335241089,8.756997322097623,0.12758534711265757,3.7784679700554684,801536,312
gbrt_rs,own,1.4937711608044468,9.24987533631956,0.1254276120856601,4.313514729573859,801536,312
ols_rs,own,1.488712595049213,8.762162731571914,0.12029877812609335,3.6750768751495158,801536,312
enet,own,1.482284055300831,8.685342131371305,0.11378093995468852,3.7885641025042913,801536,312
gbrt,pooled,1.478263551648873,8.332017965513915,0.10970458775082514,4.985810794575889,801536,312
enet,dm_only,1.4715958124719486,9.094134900747848,0.10294422744735465,4.141341798605489,801536,312
ols,own,1.4689275254588519,8.677516257405664,0.10023887543477716,3.7609833233543757,801536,312
enet_rs,dm_only,1.464628211151009,8.621551197019837,0.09587983963452729,3.221149760485627,801536,312
ols_rs,dm_only,1.4449399490811254,8.596271112896616,0.07591808921060261,3.15880100886695,801536,312
ols,dm_only,1.4446399390805276,9.09491932522057,0.07561391179081722,4.122557773745856,801536,312
gbrt_rs,dm_only,1.4445341015254187,7.856040073120969,0.0755066040531771,3.9213512327279827,801536,312
shrink_mean,rule,1.3700619847503481,8.605971053077969,0.0,,801536,312
gbrt,own,1.3502698601321694,8.700543534476664,-0.020067055720063287,4.336229201143619,801536,312
gbrt,dm_only,1.329908646897604,8.1744126781807,-0.04071110522905208,4.744371952064493,801536,312
hist_mean,rule,0.0,,-1.389093425708654,-4.468317148712349,801536,312
