model,scope,slope,sd_forecast_dev_pct
enet,dm_only,0.297823185693277,0.28710731103617093
enet,own,0.3598299035815427,0.1771077279713475
enet,pooled,0.3531570691183588,0.23495379869167046
gbrt,dm_only,0.3489401166437634,0.38605100743041487
gbrt,own,0.29633232724650516,0.3173310877172724
gbrt,pooled,0.40355832569437433,0.32892134403555046
nn,dm_only,0.2689799324849011,0.44871293690657477
nn,own,0.19246794439608136,0.3434819214192046
nn,pooled,0.2906038281143334,0.3698710605427602
ols,dm_only,0.2894889667788007,0.297549421040264
ols,own,0.350093113781243,0.18722636336960943
ols,pooled,0.34690977622199326,0.24530220952596896
