country,r2_vs_hist_pct,r2_vs_shrink_pct,obs
ind,2.7161432992956036,0.3696459024542187,41679
chn,0.9919045950257499,0.2741322004123914,43438
sau,2.058636981206896,0.2626738799991202,34423
mys,0.9750064780728707,0.21989741693045906,45139
pol,1.2087278485545139,0.1645024705894671,36832
are,1.4583651895840655,0.1636942185577528,26140
col,0.6864566890687818,0.10699935648336156,22468
bra,1.6156493448063025,0.037908437812228524,35480
idn,0.7798028624749542,0.018397811330284064,42017
qat,1.513062616085148,0.0035136102463417807,24445
kwt,1.9886897240991797,0.002577831680028453,29444
per,1.1441539910053367,0.0013835761805247593,25338
tur,1.1575167990457658,-0.006880998046798759,42183
twn,2.727596923086806,-0.02270673263340406,42731
mex,0.44074833498176647,-0.05218868698970702,44203
zaf,0.28097261578757804,-0.12100765757581122,45986
tha,0.8321794296827334,-0.1704483649720867,43196
kor,1.2910350773184254,-0.34058510307508616,44157
chl,0.14727276477424223,-0.34917753240379934,42971
phl,0.7175608635784148,-0.3780245036070218,35553
grc,0.6352956113682362,-0.38709987475669116,33497
egy,0.9820432435103221,-0.597271269450883,20216
