country,r2_own,t_own,obs,r2_dm_only,t_dm_only,name
bra,0.037908437812228524,-0.4895303296047006,35480,0.16773545786014088,0.4470901913793579,Brazil
chl,-0.34917753240379934,-1.3471309190061875,42971,-0.6884730767560132,-1.1784058634183208,Chile
chn,0.2741322004123914,1.7239245028991839,43438,-0.15780750161920043,0.6692931235195612,China
col,0.10699935648336156,1.1378561969704728,22468,0.10540676287221773,0.9828242214713567,Colombia
egy,-0.597271269450883,-1.6953748165200069,20216,-1.101815494794578,-1.0642944530218912,Egypt
grc,-0.38709987475669116,-0.786981072299609,33497,-0.4748999125837594,-0.09667995989906371,Greece
ind,0.3696459024542187,1.3422914376633914,41679,0.5670061281919048,2.4512791293755294,India
idn,0.018397811330284064,1.02560576691449,42017,0.19833759446263866,1.7820222747260541,Indonesia
kor,-0.34058510307508616,-0.43856408329101626,44157,-0.8310815743916011,-1.1818196401370484,Korea
kwt,0.002577831680028453,0.7284260432302252,29444,0.0400400247087096,1.2891391498423128,Kuwait
mys,0.21989741693045906,1.2966323842189449,45139,0.2950343894873475,2.151525345612725,Malaysia
mex,-0.05218868698970702,0.681998522882288,44203,-0.08644934616748312,1.3536740517925387,Mexico
per,0.0013835761805247593,0.7878713691141549,25338,-0.2268551908238603,0.4967181380238157,Peru
phl,-0.3780245036070218,-1.1601996094209102,35553,-0.7749816955876954,-1.0551349458591635,Philippines
pol,0.1645024705894671,0.9925425212912611,36832,0.5020696457230245,2.2294432251746894,Poland
qat,0.0035136102463417807,1.4552000008810575,24445,-0.3395832530049159,1.1512244743847981,Qatar
sau,0.2626738799991202,0.929494211128747,34423,-0.10247033082617651,0.7330014021714446,Saudi Arabia
zaf,-0.12100765757581122,0.3544738258162667,45986,-0.4988028370287445,-0.41316034211255964,South Africa
twn,-0.02270673263340406,0.38951153076483513,42731,-0.16649561036574667,0.5618162753310928,Taiwan
tha,-0.1704483649720867,-0.04757048431538735,43196,-0.16762245017918342,0.9570929468141451,Thailand
tur,-0.006880998046798759,0.9516314627298811,42183,-0.25356263830016434,0.5682235846301534,Turkey
are,0.1636942185577528,2.3522640673178903,26140,0.1607269117547383,1.8603334458896637,United Arab Emirates
